{
  "visState": "{\"title\":\"Top processes\",\"type\":\"table\",\"params\":{\"perPage\":10,\"showPartialRows\":false,\"showMeticsAtAllLevels\":false},\"aggs\":[{\"id\":\"1\",\"type\":\"max\",\"schema\":\"metric\",\"params\":{\"field\":\"proc.cpu.total_p\"}},{\"id\":\"2\",\"type\":\"max\",\"schema\":\"metric\",\"params\":{\"field\":\"proc.mem.rss\"}},{\"id\":\"3\",\"type\":\"max\",\"schema\":\"metric\",\"params\":{\"field\":\"proc.mem.rss_p\"}},{\"id\":\"5\",\"type\":\"max\",\"schema\":\"metric\",\"params\":{\"field\":\"proc.mem.share\"}},{\"id\":\"6\",\"type\":\"terms\",\"schema\":\"bucket\",\"params\":{\"field\":\"proc.name\",\"size\":10,\"order\":\"desc\",\"orderBy\":\"1\"}}],\"listeners\":{}}", 
  "description": "", 
  "title": "Top processes", 
  "uiStateJSON": "{}", 
  "version": 1, 
  "savedSearchId": "Process-stats", 
  "kibanaSavedObjectMeta": {
    "searchSourceJSON": "{\"filter\":[]}"
  }
}