{
  "sort": [
    "@timestamp", 
    "desc"
  ], 
  "hits": 0, 
  "description": "", 
  "title": "Packetbeat Search", 
  "version": 1, 
  "kibanaSavedObjectMeta": {
    "searchSourceJSON": "{\"index\":\"packetbeat-*\",\"filter\":[],\"highlight\":{\"pre_tags\":[\"@kibana-highlighted-field@\"],\"post_tags\":[\"@/kibana-highlighted-field@\"],\"fields\":{\"*\":{}},\"require_field_match\":false,\"fragment_size\":2147483647},\"query\":{\"query_string\":{\"query\":\"NOT type: flow\",\"analyze_wildcard\":true}}}"
  }, 
  "columns": [
    "client_ip", 
    "client_port", 
    "ip", 
    "port", 
    "type", 
    "query", 
    "method", 
    "responsetime", 
    "status"
  ]
}
